	time	event	num
	2024-06-21T18:04:45.657Z	NewBlock	11612398
	2024-06-21T18:04:46.675Z	NewBlock	11612399
	2024-06-21T18:04:48.783Z	NewBlock	11612400
	2024-06-21T18:04:51.875Z	NewBlock	11612401
	2024-06-21T18:04:52.982Z	NewBlock	11612402
	2024-06-21T18:04:55.075Z	NewBlock	11612403
	2024-06-21T18:04:57.092Z	NewBlock	11612404
	2024-06-21T18:04:59.174Z	NewBlock	11612405
	2024-06-21T18:05:01.193Z	NewBlock	11612406
	2024-06-21T18:05:03.212Z	NewBlock	11612407
	2024-06-21T18:05:05.306Z	NewBlock	11612408
	2024-06-21T18:05:07.325Z	NewBlock	11612409
	2024-06-21T18:05:08.508Z	NewBlock	11612410
	2024-06-21T18:05:11.527Z	NewBlock	11612411
	2024-06-21T18:05:12.699Z	NewBlock	11612412
	2024-06-21T18:05:14.730Z	NewBlock	11612413
	2024-06-21T18:05:16.749Z	NewBlock	11612414
	2024-06-21T18:05:19.768Z	NewBlock	11612415
	2024-06-21T18:05:20.852Z	NewBlock	11612416
	2024-06-21T18:05:22.882Z	NewBlock	11612417
	2024-06-21T18:05:24.901Z	NewBlock	11612418
	2024-06-21T18:05:27.094Z	NewBlock	11612419
	2024-06-21T18:05:29.112Z	NewBlock	11612420
	2024-06-21T18:05:31.130Z	NewBlock	11612421
	2024-06-21T18:05:34.216Z	NewBlock	11612422
	2024-06-21T18:05:35.317Z	NewBlock	11612423
	2024-06-21T18:05:37.396Z	NewBlock	11612424
	2024-06-21T18:05:39.414Z	NewBlock	11612425
	2024-06-21T18:05:41.433Z	NewBlock	11612426
	2024-06-21T18:05:43.522Z	NewBlock	11612427
	2024-06-21T18:05:44.541Z	NewBlock	11612428
	2024-06-21T18:05:46.559Z	NewBlock	11612429
	2024-06-21T18:05:49.711Z	NewBlock	11612430
	2024-06-21T18:05:50.729Z	NewBlock	11612431
	2024-06-21T18:05:52.806Z	NewBlock	11612432
	2024-06-21T18:05:54.824Z	NewBlock	11612433
	2024-06-21T18:05:56.843Z	NewBlock	11612434
	2024-06-21T18:05:59.863Z	NewBlock	11612435
	2024-06-21T18:06:00.881Z	NewBlock	11612436
	2024-06-21T18:06:02.976Z	NewBlock	11612437
	2024-06-21T18:06:04.995Z	NewBlock	11612438
	2024-06-21T18:06:07.014Z	NewBlock	11612439
	2024-06-21T18:06:09.032Z	NewBlock	11612440
	2024-06-21T18:06:11.075Z	NewBlock	11612441
	2024-06-21T18:06:13.157Z	NewBlock	11612442
	2024-06-21T18:06:15.423Z	NewBlock	11612443
	2024-06-21T18:06:17.442Z	NewBlock	11612444
	2024-06-21T18:06:19.459Z	NewBlock	11612445
	2024-06-21T18:06:21.478Z	NewBlock	11612446
	2024-06-21T18:06:22.495Z	NewBlock	11612447
	2024-06-21T18:06:27.350Z	NewBlock	11612449
	2024-06-21T18:06:29.368Z	NewBlock	11612450
	2024-06-21T18:06:31.585Z	NewBlock	11612451
	2024-06-21T18:06:33.615Z	NewBlock	11612452
	2024-06-21T18:06:34.633Z	NewBlock	11612453
	2024-06-21T18:06:36.651Z	NewBlock	11612454
	2024-06-21T18:06:38.671Z	NewBlock	11612455
	2024-06-21T18:06:41.690Z	NewBlock	11612456
	2024-06-21T18:06:43.770Z	NewBlock	11612457
	2024-06-21T18:06:45.788Z	NewBlock	11612458
	2024-06-21T18:06:46.805Z	NewBlock	11612459
	2024-06-21T18:06:48.822Z	NewBlock	11612460
