	time	event	number
	2024-06-21T18:04:44.887Z	NewBlock	11612398
	2024-06-21T18:04:46.405Z	NewBlock	11612399
	2024-06-21T18:04:48.571Z	NewBlock	11612400
	2024-06-21T18:04:50.793Z	NewBlock	11612401
	2024-06-21T18:04:52.744Z	NewBlock	11612402
	2024-06-21T18:04:54.508Z	NewBlock	11612403
	2024-06-21T18:04:56.691Z	NewBlock	11612404
	2024-06-21T18:04:58.910Z	NewBlock	11612405
	2024-06-21T18:05:00.448Z	NewBlock	11612406
	2024-06-21T18:05:02.763Z	NewBlock	11612407
	2024-06-21T18:05:04.256Z	NewBlock	11612408
	2024-06-21T18:05:06.900Z	NewBlock	11612409
	2024-06-21T18:05:08.689Z	NewBlock	11612410
	2024-06-21T18:05:11.017Z	NewBlock	11612411
	2024-06-21T18:05:12.464Z	NewBlock	11612412
	2024-06-21T18:05:14.274Z	NewBlock	11612413
	2024-06-21T18:05:16.667Z	NewBlock	11612414
	2024-06-21T18:05:18.909Z	NewBlock	11612415
	2024-06-21T18:05:20.433Z	NewBlock	11612416
	2024-06-21T18:05:22.628Z	NewBlock	11612417
	2024-06-21T18:05:24.168Z	NewBlock	11612418
	2024-06-21T18:05:27.056Z	NewBlock	11612419
	2024-06-21T18:05:28.524Z	NewBlock	11612420
	2024-06-21T18:05:30.153Z	NewBlock	11612421
	2024-06-21T18:05:33.245Z	NewBlock	11612422
	2024-06-21T18:05:34.589Z	NewBlock	11612423
	2024-06-21T18:05:36.424Z	NewBlock	11612424
	2024-06-21T18:05:38.663Z	NewBlock	11612425
	2024-06-21T18:05:40.901Z	NewBlock	11612426
	2024-06-21T18:05:42.947Z	NewBlock	11612427
	2024-06-21T18:05:44.441Z	NewBlock	11612428
	2024-06-21T18:05:46.458Z	NewBlock	11612429
	2024-06-21T18:05:48.433Z	NewBlock	11612430
	2024-06-21T18:05:50.415Z	NewBlock	11612431
	2024-06-21T18:05:52.516Z	NewBlock	11612432
	2024-06-21T18:05:54.590Z	NewBlock	11612433
	2024-06-21T18:05:56.568Z	NewBlock	11612434
	2024-06-21T18:05:58.916Z	NewBlock	11612435
	2024-06-21T18:06:00.533Z	NewBlock	11612436
	2024-06-21T18:06:02.632Z	NewBlock	11612437
	2024-06-21T18:06:04.282Z	NewBlock	11612438
	2024-06-21T18:06:06.410Z	NewBlock	11612439
	2024-06-21T18:06:08.941Z	NewBlock	11612440
	2024-06-21T18:06:10.421Z	NewBlock	11612441
	2024-06-21T18:06:12.699Z	NewBlock	11612442
	2024-06-21T18:06:14.679Z	NewBlock	11612443
	2024-06-21T18:06:17.348Z	NewBlock	11612444
	2024-06-21T18:06:18.428Z	NewBlock	11612445
	2024-06-21T18:06:20.603Z	NewBlock	11612446
	2024-06-21T18:06:22.169Z	NewBlock	11612447
	2024-06-21T18:06:24.692Z	NewBlock	11612448
	2024-06-21T18:06:26.675Z	NewBlock	11612449
	2024-06-21T18:06:28.704Z	NewBlock	11612450
	2024-06-21T18:06:30.656Z	NewBlock	11612451
	2024-06-21T18:06:32.731Z	NewBlock	11612452
	2024-06-21T18:06:34.575Z	NewBlock	11612453
	2024-06-21T18:06:36.451Z	NewBlock	11612454
	2024-06-21T18:06:38.186Z	NewBlock	11612455
	2024-06-21T18:06:40.897Z	NewBlock	11612456
	2024-06-21T18:06:42.793Z	NewBlock	11612457
	2024-06-21T18:06:44.907Z	NewBlock	11612458
	2024-06-21T18:06:46.480Z	NewBlock	11612459
	2024-06-21T18:06:48.652Z	NewBlock	11612460
	2024-06-21T18:06:51.079Z	NewBlock	11612461
	2024-06-21T18:06:52.248Z	NewBlock	11612462
